<?xml version="1.0" encoding="UTF-8"?>
<beans xmlns="http://www.springframework.org/schema/beans"
	xmlns:xsi="http://www.w3.org/2001/XMLSchema-instance"
	xmlns:mybatis-spring="http://mybatis.org/schema/mybatis-spring"
	xsi:schemaLocation="http://mybatis.org/schema/mybatis-spring http://mybatis.org/schema/mybatis-spring-1.2.xsd
		http://www.springframework.org/schema/beans https://www.springframework.org/schema/beans/spring-beans.xsd">
	
	<bean class="com.zaxxer.hikari.HikariConfig" id="hikariConfig">
		<property name="driverClassName" value="net.sf.log4jdbc.sql.jdbcapi.DriverSpy"></property>
		<property name="jdbcUrl" value="jdbc:log4jdbc:oracle:thin:@localhost:1521:xe"></property>
		<property name="username" value="spring"></property>
		<property name="password" value="java1234"></property>
	</bean>
	
	<bean class="com.zaxxer.hikari.HikariDataSource" id="dataSource">
		<constructor-arg ref="hikariConfig"></constructor-arg>
	</bean>
	
	<bean class="org.mybatis.spring.SqlSessionFactoryBean" id="sessionFactory">
		<property name="dataSource" ref="dataSource"></property>
		<property name="configLocation" value="classpath:config/mybatis-config.xml"></property>
	</bean>
	
	<bean class="org.mybatis.spring.SqlSessionTemplate">
		<constructor-arg ref="sessionFactory"></constructor-arg>
	</bean>	
	
	<!-- 
		MyBaits SQL 실행 객체
		1. SqlSessionTempalte
		2. 인터페이스 매퍼 
	-->
	<mybatis-spring:scan base-package="com.test.security.mapper"/>
		
</beans>










